{
  "view/IssuedBooks.view.xml": 1718880437466,
  "controller/BaseController.js": 1718885056376,
  "controller/View1.controller.js": 1719041395212,
  "controller/UserLoans.controller.js": 1718886621841,
  "controller/ReservedBooks.controller.js": 1718881123166,
  "controller/Login.controller.js": 1718886588842,
  "controller/IssuedBooks.controller.js": 1718885183638,
  "controller/Details.controller.js": 1718887119492,
  "model/models.js": 1718879911840,
  "controller/App.controller.js": 1718879911844,
  "manifest.json": 1719046795041,
  "Component.js": 1718879911828,
  "controller/View1-dbg.controller.js": 1719041395212,
  "controller/View1.controller.js.map": 1719046795292,
  "controller/BaseController-dbg.js": 1718885056376,
  "controller/BaseController.js.map": 1719046795273,
  "controller/UserLoans-dbg.controller.js": 1718886621841,
  "controller/UserLoans.controller.js.map": 1719046795278,
  "controller/ReservedBooks-dbg.controller.js": 1718881123166,
  "controller/ReservedBooks.controller.js.map": 1719046795288,
  "controller/Login-dbg.controller.js": 1718886588842,
  "controller/Login.controller.js.map": 1719046795329,
  "controller/IssuedBooks-dbg.controller.js": 1718885183638,
  "controller/IssuedBooks.controller.js.map": 1719046795283,
  "controller/Details-dbg.controller.js": 1718887119492,
  "controller/Details.controller.js.map": 1719046795303,
  "model/models-dbg.js": 1718879911840,
  "model/models.js.map": 1719046795291,
  "controller/App-dbg.controller.js": 1718879911844,
  "controller/App.controller.js.map": 1719046795293,
  "Component-dbg.js": 1718879911828,
  "Component.js.map": 1719046795296,
  "Component-preload.js": 1719046795611,
  "Component-preload.js.map": 1719046795611,
  "view/View1.view.xml": 1718883432619,
  "view/UserLoans.view.xml": 1718880251216,
  "view/ReservedBooks.view.xml": 1718880310576,
  "view/Login.view.xml": 1718880384555,
  "i18n/i18n.properties": 1718879924212,
  "view/Details.view.xml": 1718887259894,
  "view/App.view.xml": 1718879911852,
  "fragments/UserSignUp.fragment.xml": 1718881559245,
  "fragments/UserLogin.fragment.xml": 1718881544461,
  "fragments/Reservation.fragment.xml": 1718881525465,
  "fragments/Notification.fragment.xml": 1718881506778,
  "fragments/Issue.fragment.xml": 1718881495906,
  "fragments/EditBook.fragment.xml": 1718881481758,
  "fragments/CreateBooks.fragment.xml": 1718881465054,
  "fragments/AdminLogin.fragment.xml": 1718881449050,
  "css/style.css": 1718884290005,
  "index.html": 1718879911832
}